user_id,user_prename,user_name,user_email,user_alias,user_password
b2ab3158-d322-4fcc-94fe-d6b4821b89db,Janett,Karz,heinz-willi06@gmail.com,luise79,Xk1i1^Ml)w
1673ebdd-9d63-49c6-b9cd-14cf683dae11,Waltrud,Ring,hoelzenbechertadeusz@gmx.de,anthonyeimer,e*o0ZBZj$Y
302d493b-1e11-4c24-9d70-31aca3c7cb1d,Kathleen,Adolph,veitreinhardt@gmail.com,nadin33,b+N4DUy1bs
65f9e465-ab72-471b-bea1-d589e0883706,Vitali,Kruschwitz,ndrubin@henschel.de,striebitzsevim,LmB6OZgVO&
bc35f434-866b-4d65-92d0-517ca472685e,Heini,Lindner,josephinestriebitz@googlemail.com,jpruschke,_25^YTruHl
c5ba9045-8bd8-4e54-8860-a0b2363c7f0a,Emanuel,Ritter,jsauer@yahoo.de,nancy33,N#4Nxm3((y
55161cab-3df5-4d70-990d-34c91dc0195c,Phillip,Schuster,jochencarsten@web.de,tonyklotz,M9EXeOyU&q
378106b9-71f2-462f-93e9-214af904d9b6,Karl-Ludwig,Ditschlerin,kdowerg@gmx.de,winklertoni,)W7GMgvy0c
914affc8-f1d3-496c-90ff-7fc822e40a4f,Erdal,Röhricht,hans-detlefkade@gmail.com,eberhardtamalie,%2aGbRpjvr
7e620737-8105-437f-92e2-7b57d1d59954,Utz,Salz,mkoehler@tschentscher.net,ahaenel,j97DCrlZ_1
1fa39018-e60a-4804-b98e-782009c45b26,Adelbert,Röhricht,mudenadine@hotmail.de,wellerklaus-peter,*8U*2dRgGQ
8881be9d-03ac-48e0-abcf-b4b4648bc7f5,Martina,Mentzel,dussen-vanbabett@web.de,guntherkallert,^2YtC_gLQ+
4e72153e-8b45-41ec-b022-656789f29f81,Inka,auch Schlauchin,louisschottin@liebelt.de,plathkornelia,c!52MU1oNS
6c535309-788f-4e3a-975e-55b50e14b349,Valerij,Ring,uzorbach@langern.com,zlindau,uU5Y5klJP%
6ad99dc8-7117-42b0-8ea2-3547d37a318e,Salvatore,Trupp,marianne29@web.de,siegrun58,+t75qIJf*u
e8785440-ca97-48b8-ba62-63110e87db79,Katarina,Dörr,raedelannaliese@mude.net,luebszenon,6MJLysel!N
e69dfaf8-590f-4ac0-b55c-2acd20bfdd15,Burghard,Rädel,hans-waltergumprich@gmail.com,foerstereitel,C&Q97+wP&3
135e3f74-c369-40fe-9412-b09e1d5ab944,Eveline,Ritter,kostolzinoxana@haering.net,aenne44,%81NMzVC*3
09c76734-6881-436d-be85-4ad60408a251,Ekkehart,Stey,knappeirene@gmail.com,pawelharloff,@N0@UTWuiU
3b049e85-2888-43b8-adfc-22a15dd6383f,Cathleen,Hesse,austermuehlephillip@hotmail.de,bdrub,z_A4UDtHt)
c79f2a26-3484-434f-b0e6-291282e273c5,Tadeusz,Knappe,haeringdajana@luebs.net,ebaehr,T2fEU*wb$N
6d201849-e933-43d9-9071-e7ced2a14276,Evi,Haase,wriehl@gmx.de,aenne81,)oo0Y%Fa7b
eb0f1228-8470-4ebb-a8a1-fe83d9879d83,Ingo,Gröttner,martine81@hotmail.de,hans-hermannthies,(I98^7Uc%D
9b1eada2-05ca-46e1-b15f-1f4a9fa69cca,Katharina,Geisel,panders@web.de,edeltraudfiebig,uK#11^Hg%p
7cdea349-69ef-42d5-b55f-c9f8db2f2452,Monja,Ritter,detlefkrein@hotmail.de,uweruppersberger,$(4D^Chi^%
c4fc2969-36ed-47c7-8be9-bb237eab08d8,Heinfried,Paffrath,kpruschke@wohlgemut.net,caeciliabarkholz,&@86LLEtmh
beb1bca7-dc43-4ef4-a7ea-f79c4786ea38,Franz-Xaver,Meister,gundula36@googlemail.com,elenoresaeuberlich,^&q9Pzzrk*
a3660c08-2144-42f1-9b2f-7cf52a33d201,Christin,Bloch,rosenowselim@gmail.com,friedapreiss,x02FjRru(9
63761129-d2b7-4604-8973-f55614d059bc,Heinz-Josef,Hande,farukgertz@huhn.de,lspeer,^x_b7KTFi$
049b5cc2-bcc8-41b0-b488-f04991195094,Konstantinos,Weinhold,efinke@web.de,marleen01,9xP73FPKt!
4376ff97-6550-4e8b-887b-ded4e605e7d0,Albin,Stiebitz,arosenow@mitschke.net,zschueler,YQ^5kWTelL
bb473665-380c-4757-86db-52dd8d66b494,Anthony,Metz,luishahn@web.de,gheinrich,5D0mUbx6_7
96226072-c3f2-496e-adf5-1d5850f6cdfb,Annika,Heydrich,huebelhans-theo@wagenknecht.org,jann89,&zay4WDzHB
8b97487c-6d92-4750-b12a-88c371c9edcf,Arnd,Huhn,marensorgatz@nerger.org,annika81,0^Ds5YAyS$
25037882-fe5c-4604-9ffe-c2f0e780d0a4,Margret,Trupp,kerstinboerner@web.de,anette48,*xTT9WqfaG
2a351197-018e-4845-afe9-ba7539e73103,Reinhardt,Hesse,meik92@pohl.net,elfi38,2$Bwd2Bkmf
74233147-a54a-46d8-b4d7-3e2933a099ee,Kristiane,Schmidt,ellen08@web.de,aruppert,zeQzq)eT&8
84f12ad6-8171-4902-87c2-daa550a8eec7,Iris,Warmer,h-dieter78@roskoth.de,binnerchristiana,&+7Izll#T^
45fe2fa7-e0ea-497a-b99d-61644f6bdcac,Aysel,Niemeier,leoniegutknecht@web.de,xjaehn,9V+9W%ky$M
a0270b07-e0bb-4fd8-99f3-efdb8366a123,Rosita,Schäfer,hans-bernd27@schweitzer.com,killersiegried,A3WXFSus&R
49d2151b-35a0-4c87-93b1-33d075c0c476,Patrizia,Knappe,schleichfaruk@fritsch.net,suessebierhendrik,^r!&Ag(G$7
3e8b846f-60e6-48cf-96e7-8f9bd499efaa,Yusuf,Plath,olena15@schmiedt.org,rebeccabaerer,@$43sKNn$(
f6f02a08-98a9-42f7-b1b7-7a1f4dee6de1,Kemal,Heuser,heribert69@oestrovsky.org,annamaria85,1LXPntx9+P
5a3f0c30-2211-42a0-b44b-d53abd39227c,Lissi,Schönland,gkruschwitz@googlemail.com,karl-heinrich07,@FOszAk^*0
8f42dbd5-37c8-408a-ab46-1e0503b69386,Marius,Vogt,lhermann@googlemail.com,loninohlmans,%2USzydsvf
4ecc0a6b-d4a9-4e02-afdb-19e5a44522ee,Lioba,Döring,rbolnbach@gmx.de,annekewalter,uX8%1Vev5*
772b5e2e-0728-4fc3-92fd-d103d24770de,Annette,Dietz,kkabus@googlemail.com,franz-joseflange,*Ro4OGQkAc
019adaaa-2928-4951-80f0-e345ecd4ed5d,Franca,Säuberlich,jost54@hotmail.de,awernecke,S3)ljTvf+A
470a46d0-eaac-4f90-9bf5-864b2ffbebf7,Cemal,Sager,sroht@hotmail.de,zditschlerin,DM*3Hrsvo#
bcdd4cbd-0c6c-4d3f-b406-c94ecbd52c3c,Achim,Briemer,jrose@huebel.com,klingelhoeferhansjoachim,)&oGmVv(5V
ac469024-a8b4-40fc-acee-f40d4365dff1,Marcus,Peukert,katygroettner@thies.net,lgroettner,^k@&1CBhbE
9c85ce86-2eaf-4a1b-b6fe-178b43e01d96,Arnold,Mangold,sebastianohartung@gierschner.com,seidelannika,pQEH%LuA)4
435d0b18-41dc-4db8-8681-63b9433540cc,Ralf,Hethur,roger24@gmail.com,gertigrein-groth,K1kNv@8U*2
a1c236dc-2cb7-4710-b971-5b4dce64165b,Ulla,Grein Groth,reisingfreddy@holsten.com,anne-rosebohlander,&rO25@$t7E
26eeae84-c4be-4c3a-8347-e57c0672b890,Bernd,Mentzel,priskamueller@web.de,baumellen,@3ow%3PwY!
6f76252b-5c03-421f-b5fc-af7f40ed1963,Aleksandar,Zänker,liliana83@kade.de,paul-heinz35,!03rVmf+##
40c18f12-1a19-4b4d-b1dc-36d1fdedd181,Miroslav,Adler,valerie53@hotmail.de,liselotte24,#if9Ibi2y)
1121108a-e16f-46b5-89d3-4d10eafb50ec,Nikolaj,Döring,walterheide-marie@googlemail.com,pfritsch,)9U1oTO!e8
6db0887e-09c7-4ae6-91bc-7a73dde59298,Gerhardt,Kaul,pkostolzin@web.de,zauch-schlauchin,ezGy&Ljy&1
479c9519-46ad-46f3-b4a3-dc53d02a0614,Hiltrud,Conradi,dobeswally@gmx.de,silvia90,u3X%Efco#v
7dc2fe2b-0055-4602-a1b3-7da611b87bc7,Kristian,Ehlert,oklemm@aol.de,geschehaering,H@K8DQu!^m
af4c96a0-3a17-496a-be05-0e0e43793fd1,Giovanni,Ruppersberger,lillygumprich@googlemail.com,bkroker,zV@22mZg^5
9ab6de04-5c2f-4c17-8175-aea04d15a6d4,Bekir,Stahr,ringtamara@aol.de,nellimende,(y9Exm_$K(
e1c3893f-d9d0-4ed6-abbc-7df4f8b46eef,Kilian,Renner,loechelfredy@googlemail.com,hartmut34,c%7z#4Jsjo
a9b0eae0-309f-4939-b708-b569f4155ad4,Juergen,Eberhardt,sigrid51@googlemail.com,marie-theresehaering,^sdZEINyy7
4d55e6e3-6702-49ca-9294-fe047d49505f,Isabelle,Zorbach,leila04@googlemail.com,anahenschel,(&m6+KIzp#
26e2ff33-d149-43a4-aa5a-b11463f6bbb5,Lydia,Klingelhöfer,gudulasager@birnbaum.de,slavicaladeck,zaY5Stel0+
00ae7c61-4cc3-47e9-91a4-27f6dea49c69,Betty,Harloff,mariana33@aol.de,mbarth,)6OBaum^Sf
f47675a9-ae9d-4e24-81a8-5062da893782,Geraldine,Hövel,leilasteckel@web.de,linkepawel,h65JI7QfS@
0f73f35d-26ea-42c5-afc2-b9baab418fa5,Edda,Liebelt,geisslerelisabeth@googlemail.com,echristoph,B!@#52Nbwi
83df0ead-c582-437c-9774-6c5efc2be9be,Hubertine,Wilmsen,radischflorence@gmail.com,jankoch,M__9MLAbyR
11cd611e-6c8b-4788-b60d-183fc4dde91c,Annett,Trubin,wbarkholz@rohleder.com,yusufkobelt,4CMXkgNq*V
39fda46c-4b7a-4cfc-917a-ab5ed0bcf12e,August,Ruppersberger,jonathanadler@stadelmann.de,hans-herbert70,#cth^)Zo&8
6d98bd65-0446-4487-9afd-84df609e23bf,Christin,Ritter,herrmanndoerte@googlemail.com,sabandobes,%8TGRnWSLu
13c31ca1-5790-4fd6-8da1-cdc6759a5983,Recep,Naser,schlosserchristiane@yahoo.de,ztschentscher,s5Kcv813+J
81e229ac-b432-41bf-93be-259839cd2c91,Lilija,Riehl,jens-peterlorch@hotmail.de,brunhildeluebs,6iRfOBEJ(x
49ad6426-c76d-4c02-8424-9b4dcf4f816f,Annemie,Rädel,karl-wilhelm59@wende.com,xhenschel,$zTEzmG!_0
43c65497-b5c0-41a5-b0fa-6ceeb79077e5,Andreas,Löwer,nschaefer@gmail.com,nico73,51VBNSbj*X
fa685cd9-e41a-46b0-8d7f-5f39cbc4c269,Monica,Nette,eleonora70@aol.de,ramazanjaentsch,71vH!o(W+)
b47f06b9-5406-4aa9-9e43-f7b5dcf17610,Jens-Uwe,Adolph,alexandrosschoenland@gmail.com,annelie94,xr8M3Qoy@6
38ad7a23-d9e7-4e20-98ba-24ccfc1cc499,Alexander,Steckel,qlinke@googlemail.com,marlen66,(3N*zh@o(0
202dd9e6-8e3b-488a-99c9-f7261e62a7f4,Erik,Ring,manfredjungfer@aol.de,arndsontag,iBl52Mjq^@
71686154-ea62-41ee-8286-de03f2e96c6b,Enno,Striebitz,hrogner@hotmail.de,trapptony,pUB4EZLw!S
848e6cce-0ded-4446-9ef5-daa635ab5b6f,Mirjana,Lange,edelbert25@haering.org,hbiggen,w6iyMl(b)d
6ceee2d8-c09e-4afc-880a-18b5a2d4db1f,Anne-Katrin,Stumpf,kitzmannsigmund@mentzel.com,wulffpietro,w+6GM@Zs+u
3ccb4e9f-0da1-4a79-9412-51f7a7f45535,Alicja,Klotz,foerstermarlis@schlosser.de,huebelmustafa,!F_&%8StH+
7072fb17-fa77-4f2c-808c-04c97a789309,Hanspeter,Pechel,hoelzenbechernikolaos@hotmail.de,kuehnertrosalia,B50#4UXw$A
10b5ed1e-9565-44b6-b07d-dc3f5ddd7204,Lieschen,Franke,qjungfer@gmail.com,segebahngerhard,!l^HQpaN6Y
4af1d32d-d266-40b4-be92-d72ec6752535,Rose,Trapp,friedemanndobes@googlemail.com,schmidtliliana,^8pVkCSdQ&
fce03991-754e-4aa3-9752-92d449a88919,Steven,Rohleder,nadinruppert@aol.de,qchristoph,5LExpewf!s
977f6d77-6e33-4542-a9be-c1facbaa6ea8,Leonore,Fiebig,mroht@hotmail.de,annedorekabus,xIc#WiEu(9
2d0c9f4e-23c8-4146-879d-55818775db8f,Luise,Gierschner,holzapfelmiriam@googlemail.com,vhenschel,!)1eIQSzc!
c5270029-b159-4469-9b47-bda21466955b,Lilli,Drub,joanagirschner@googlemail.com,rohledervictoria,L+8ISt!f+u
e20b16ad-aa7d-4354-9f19-fda26dac730a,Gert,Seifert,austermuehlelidija@web.de,fechnermathias,3G*6cYvIJp
019931e6-247e-4304-b925-aa480d65287e,Josephine,Förster,bseip@yahoo.de,anne-katrin47,m5MCSc+D*#
f0932d68-a071-4b5e-a5da-a26bf5c14295,Athanasios,Pechel,vlinke@gmx.de,luitgardmetz,V)48%UNqM8
754a49e2-de82-4872-a160-f49d4b1f50b9,Hülya,Mentzel,ebertkreszenz@gmail.com,lindauottmar,@tUx^nQ@@3
bdec5189-4302-4174-9666-f5eab20ed3e6,Therese,Hauffer,zpreiss@biggen.net,melissa85,2d0t8P2w6$
024d1026-3dbd-4bc9-9d96-7a66ffde6f64,Lidia,Hering,steffenkreusel@gmail.com,eckard24,@DPdaB4^y5
0bb5388c-435b-49a2-96c8-188d1aaca4a0,Fredo,Schlosser,uschlosser@web.de,guntherkaester,Tw1@3MU19+
