user_id,username,user_email,user_password
107708be-1d4d-4bdf-8e03-0dca12d4198d,wulfmattias,zirmezeynep@keudel.de,D_7GJzHlF#
450c6b6e-0ec6-49e5-bb4b-1fc64bc2ab27,angelica79,luigiwagner@keudel.com,$vS3mCZaUI
8a27f87b-738c-4564-b01d-5d91ef2af558,dagobert98,ekabus@seifert.org,*khPyGyNI6
81bd48d9-a690-45a6-b250-2d829f03fc09,vlangern,haraldheuser@pruschke.com,M)H65ETyXO
e4355698-ac7c-424d-a8e7-b650335bcced,sibel38,qluebs@margraf.org,I%4BWOrp$u
780af660-ea72-489e-a135-bd2c42a6aa3d,donaldseip,goenuel56@googlemail.com,VZE_0PavH3
ac4aa56c-ba05-40b0-9294-a88cf1d1c681,rbenthin,nernst@salz.net,*5EA(hdrja
c486230e-f9bd-47e8-85c7-8290d06beb78,natascha35,heikojaentsch@mosemann.de,VjBJFGm9!9
7aa33844-2e7c-49ed-a695-ee9db3218505,koch-iikatja,werneckecharlotte@aol.de,k3#24+cS(F
0e87ee3c-837a-4754-b411-4446513d6936,bkaul,jheinrich@googlemail.com,S#m4RGf2Zx
2d68e7d4-dda6-49da-a74c-5b1a843bbacf,bwulff,karinfranke@stroh.de,bUVl4VOd_%
0066b14d-1448-4c26-a552-0bbaad55b3e7,veronica62,dominic37@hotmail.de,06OdG4eb(t
e05e6225-f8ef-49de-a743-288c291ed7a8,ritteroswin,domenicobonbach@preiss.com,QD6DUs3r5#
9a0b2e9f-4be1-4edd-b69f-face929240c3,fmaelzer,erdogan64@koester.de,77mUeyvk$3
57e8fc7d-51f6-45e6-835d-a115d2c5f76b,renate59,ingmar19@becker.org,@C3JrfeFdh
4d0867a4-d9e0-404e-9093-c6ac3a7f3c81,hoffmannmona,wscholz@thanel.de,_5TDx*cy1Y
6b38e635-a387-4495-bd11-c5461b306e76,angelawalter,wolfhard04@web.de,%4ZfbFymsn
e5d8e1cd-dc5c-4d72-adaa-25c62d16d0b7,alexandrosgute,junkclara@googlemail.com,41i23Swhe^
a6aa7495-261d-43af-bb35-96ac8cc51f79,zdravkobolnbach,friedhilde87@wagenknecht.de,$W@WLWHi4a
1e6e2796-25fd-431c-9716-238bc3582abe,wagnerelena,mara52@aol.de,it0IQix(5&
43d93c26-7fd8-441e-b9ba-4fb943a0126f,flantzcaterina,greteharloff@kobelt.de,@QR9JbYF9Q
c9a499d9-e628-4f68-b9cf-79924b99bd82,cgeissler,junkensiegbert@stoll.net,Pu2+72DlNX
ce4f46ae-31d2-415a-aecd-8e7aa49cb6ad,eimeribrahim,yjungfer@werner.de,C@0vQhV(Ch
d0e9cf16-c19f-4419-beee-24633c9a3232,gislinderoerricht,schachtfelix@googlemail.com,+@VdLhie93
af4d9cec-e023-4f99-a995-3d30b076cf9c,heinheinz-gerd,hilmar15@aol.de,MCneQCxi_8
be4a660b-5c4f-4d4f-9373-751e7a54ec79,drubjaroslav,tlindau@taesche.com,jn^5EmUcD@
7a4f23db-6fa9-4bec-a099-3c140c73bcd9,mendeursel,brittmans@beyer.com,5_!4VBqM))
c6309856-ab62-4f4e-8c20-eb6bee31e12d,wohlgemuterwin,xhartmann@trapp.net,*tASDo@38+
1566dde3-5d0a-4360-9df8-f6f1601c06c7,nohlmansfriedhilde,kenanwinkler@henschel.de,95*zFSj8*#
16a62d72-6de3-42c3-87b0-62d2cf2b812a,marikamoechlichen,cengizhenk@beckmann.de,_$LzoCL69k
1fa3e508-576d-4037-9e26-cc7259ddbe22,reinhard38,gorankitzmann@groettner.com,G4aNpW!U@P
a7518bf4-266e-421a-9a14-538654599074,leonard29,heringxenia@yahoo.de,%*+0LAig&T
8a5779a7-e7ca-4cf6-b99f-6f95f3521ac1,jhermighausen,ortrud75@gmx.de,tVMY3LTb@o
92792546-48b1-44a7-a00e-6d35634ac339,vgierschner,krokernicole@poelitz.com,$27E$i%%Sf
47314579-a833-4ba0-af09-5deeaee2f9da,groettnerpatric,rosenownico@googlemail.com,O1E8Xvi&$G
d3e7ee5b-c4b4-4946-9372-4ac796b9ea5d,swaehner,mudehans-ulrich@steckel.net,pp0OZdp&$3
0118f914-0c7b-46c9-aa60-86e9d40f8370,helfriedlangern,kreinundine@googlemail.com,b%9CJtF(X_
7b65b4ae-1c9e-4659-a4b0-a79b00a0fcc7,wolf68,jacobi-jaeckelhorst-guenter@yahoo.de,&jC06dTi#(
0ae425b4-1e4b-4cc8-b692-8ec17a4a6536,astumpf,junckkerstin@buchholz.de,w@Crt0AaK^
b71abfeb-7df5-41e6-a42c-cd826874813b,bianca31,almutloeffler@kramer.de,$)jcIGrA+3
fee7e0fe-f169-496f-a47e-99a640928c34,wilmsenmarlen,skobelt@gmx.de,FHRGeAEQ*9
5ddfc279-0372-4626-8e33-0a1547a11ba5,concetta12,crogge@aol.de,_(4EKrW@Wo
1b1255f6-c180-44d7-9255-9fe4cd53386e,hans-friedrich15,matthaeijurij@rogner.net,Q@sN7Bx&&9
816f3481-f003-4e14-9d17-d5b1965faaba,karl-heinrichschacht,mauricejopich@schomber.de,%#s8pYaLaP
0dd70bc7-7cd0-4379-8f7a-76506f0965df,hatice85,lmeister@gotthard.de,@dYUO8xZ1f
2be8af87-a122-4b6c-9d56-88822dd0f8de,grein-grothviviane,oluebs@googlemail.com,*&pc963m^P
022eafa0-06c5-423d-aaf6-7a51b9902692,jjunken,barbaradoehn@yahoo.de,!j7+R4hs!Q
79f76cd6-31c0-4d0c-bf1f-85f463fc16c5,alexandrosluebs,jungfereberhardt@googlemail.com,kw1Bns6mW*
44c07e26-8b27-4de8-a056-bfa7b25f86e6,zdrubin,schmidtkestilla@conradi.net,oy4K6Iut(j
34aee3cb-11fa-4261-9ea3-f35f76ccdbb7,hans-h73,elifrust@hoelzenbecher.de,GB%4Ai6p1X
ba46fce0-7949-4a8c-82f6-c3386fce23a8,scholzkarl,thanelgino@hahn.de,NAVovilv+8
3b291b0d-4432-48ff-a78e-fdefc4364fdd,mdoerr,anatol91@finke.com,U11dlIJsY^
5dc6247d-754b-4032-b152-a9992b54f78b,sandy53,evamariarosemann@aol.de,r*U4XbLz*3
de9f650c-2023-4612-8396-960ae33c1351,vsteinberg,gwohlgemut@henk.net,@cWmH8gTH4
65b493a5-5d60-4c3d-8f95-658003f5e126,ibolander,anneloreloeffler@sontag.de,j5GCI!i(!l
35e3c254-1613-4c5e-bb6b-610d00a484ed,trappfranz-josef,wanda47@aumann.com,nKRfxVCP(0
effaed36-2834-4233-a059-a80a6909ebc0,hulda90,kjunken@hotmail.de,(54GztJKCq
9beb8a6c-6e3b-4cd0-a115-a766749ffd40,liliweimer,isolde59@auch.com,(e2eTy!u#Q
2d96e222-c3a1-45e5-b66b-0696eb8250da,olavholsten,spiessmaik@gmx.de,#tP%6CdZq_
2a0b5e77-0488-4688-815e-f78fe3d34c23,samuel27,hella11@yahoo.de,73Dnhx@C_L
0d228877-d24b-451b-9b38-5e6ea58e1512,burkard68,yfaust@googlemail.com,O2VFnjAi#x
25dfec07-e0f2-48d5-acfb-fc06bf499225,meyerhans-heinrich,reingard96@gmail.com,1GMA2Iox0$
7431e67e-95eb-4d6d-818b-5e6c3b9d3e4a,lucie02,gmuelichen@hotmail.de,d4RTfC%Q%!
5b181a1d-bf54-4644-acf4-ea5754b0a55c,ole86,emanuelhermighausen@web.de,wS_Yz12k$0
c428153e-1325-41d7-8fbb-9d1503d2be36,yasmin90,schleichtraudl@schuster.com,$h()1eTufO
78c432ed-3e4b-452a-acc2-abc4d8da0fb3,bschottin,hgierschner@yahoo.de,_d5A9CKdd2
8c85ae03-d220-4586-893c-bdac871a440b,stefaniefinke,friedhelm72@googlemail.com,Mh7DfH5v#%
2ee87f88-df8c-4588-af28-3eeb867909bb,draganbenthin,giovannahartmann@rogge.de,(+3P8MjCq*
d14d9b82-ad9a-4686-be32-5422d253d56d,faustburckhard,fhein@reinhardt.com,k3p1)!Cd%1
dd590469-bb46-4e2e-a24d-c3e2e1ef311a,gorlitzcarl-heinz,winfriedtrommler@hotmail.de,J#H6gDFirG
f6add714-1f8d-4ed6-b6df-044b7db2e467,ugotthard,irmi74@yahoo.de,&cF9EfcN25
d65de764-3bf7-4ae6-95c8-f2fc15f2969f,susannjaentsch,gabi72@doerr.com,z69B+UTi(@
9ec55bbd-d27e-4569-b0a6-634372a5fdbb,ortwinschlosser,sentadrewes@klapp.de,q45K2Mw_%D
a12259ff-3ca1-4e19-8fde-3e839865dade,gudeurszula,ladeckrosita@web.de,x4Vy)w3&(q
02cc6e47-79db-4a05-922f-92acce6f2580,mijosorgatz,fiebigsandra@aol.de,*VRlPCrpf4
78be3fe5-a95e-418b-9e45-ff53a6df4014,edeltrud42,heinrichmarius@web.de,Uc6A12xX!@
41acaacb-7147-435c-bc51-2769e8f450ea,klara05,egberttlustek@eigenwillig.net,frM36zIb_4
1fb62e56-384f-4a0c-b87a-7d4ebbfdb48e,reinhardtheini,qbolander@googlemail.com,JS^(7^DpoS
ff045f2e-83fa-4fa4-9827-17186b23e468,fgiess,milka40@yahoo.de,tBSSdRI5#2
cf9343a0-76e4-43e7-93bd-25e47d3d7c2d,hschaaf,ekaterina70@lachmann.org,TZ7V+MrM+P
820b6945-dd82-4c2a-8ec1-23e68358db74,staudeilija,claire36@googlemail.com,o0qYgVaf!H
0e606daa-c042-4679-80c5-a27cd3c1f51e,mschmidt,christa-mariavogt@grein.de,%fiqYFSCE9
577ebcf2-124b-4eb1-a6cc-589e2b3a5cc7,shellwig,qebert@aol.de,@3GNf8tZ+M
a4d9bb14-666b-41c9-b112-528167baed2e,meikdippel,priskagrein-groth@loeffler.net,LNlL40Cnf!
6f2632dd-7413-49ad-9d10-1b847c1d29cb,lukas70,ullrich74@hermighausen.de,Apa9gKJtB(
b5728414-b397-42b3-ae68-dceef8e215f3,isidorlehmann,eveline06@yahoo.de,iVFbZI3l!3
b9dac99f-082d-447f-9a95-c5df693a6c02,tadolph,ivankamans@hotmail.de,Nu1VDyX_a(
ec29adc6-0e50-4bb5-b33d-b960c8d8088c,patricia49,suekrue48@gmx.de,!82oxOu+#S
48b7ffc3-4ea8-42e4-b60d-0b1f58fae4af,rubendowerg,margrafsibilla@faust.org,%7bDd6mq_y
c5afbefb-15c4-44e9-b42c-11e8c6392c8c,monaeberhardt,sevimtrommler@gmail.com,@jz1BmkO#z
736bfa6a-ef13-4bce-9a2a-0a1d231782f1,boucseinelfriede,ggotthard@aol.de,h!l6pZMilC
b81590c4-e5a3-468a-b68c-caf25b63881d,ivonneschwital,heinz-joachim57@googlemail.com,gYd0Fb%Dh(
a3225f2f-c75c-4a25-a363-9c352841fdbe,albrechtstroh,thering@yahoo.de,ZR3O*l)x*z
177a80d5-7e94-4025-80ba-fd99d5a71f4c,mathias17,guenter44@yahoo.de,Z5y6Qta8g(
faffdde7-8a91-4fe3-abc2-cd354f4b36b8,kostolzingundel,imkemies@spiess.de,#GOEhqtQF8
e5b54845-ef07-4d40-aae5-aebb81bb50c3,susieberhardt,erdal16@gerlach.com,Ptk&4AAw%g
c5e623bb-4f8e-4a66-be8b-51a6b6098430,sigismundscheel,annekatringutknecht@web.de,_IwRfr4Tw6
4bc5a02d-7be8-46ce-a9eb-9932f432d4e3,adelbert13,tackermann@lachmann.com,&*Vg%$@Ey7
d7112750-9588-4de5-b872-18c5528171bc,nhenschel,tmeister@googlemail.com,7vT59W_l2@
b1e713e9-d6ae-4e31-93f9-4fd905ec5312,frankeachim,mariettabender@walter.org,8q7Bzf6ko)
b674b80a-ba98-4b0d-ba95-c87b2c3aace4,yannik,eventwaytest1234@googlemail.com,funktioniert noch nicht
