user_id,username,user_email,user_password,user_password_hashed
e794739d-7566-4ea3-b2ac-e42e7ae077e6,dreuter,hans-rainereckbauer@kusch.de,jVThYb(7@8,fe907bcf0d34f9b0769dc53d7f0950612fffe1a3607840a6e40d589b9b578e25
fbd694f9-5678-4f45-8908-57bc98d09906,helmut68,alois55@web.de,(6N#5jIkW$,fe907bcf0d34f9b0769dc53d7f0950612fffe1a3607840a6e40d589b9b578e25
6f4f039c-554e-4bb1-a257-a8a7e214f45a,wkade,valentine01@schmiedecke.de,#1d0K(TieW,fe907bcf0d34f9b0769dc53d7f0950612fffe1a3607840a6e40d589b9b578e25
e14f4ebc-f887-4657-bb40-ddb37b28094c,birnbaumjohann,trubregine@gmail.com,p*P5X4ObMZ,fe907bcf0d34f9b0769dc53d7f0950612fffe1a3607840a6e40d589b9b578e25
67460ab8-f8d1-466f-96a9-a7a40ead933a,jsager,diethelm85@loechel.net,f5RE8GGS#Q,fe907bcf0d34f9b0769dc53d7f0950612fffe1a3607840a6e40d589b9b578e25
a4960670-918f-4320-9489-054a317e2520,zpohl,heydrichpeggy@aol.de,Y_x2CqMFDI,fe907bcf0d34f9b0769dc53d7f0950612fffe1a3607840a6e40d589b9b578e25
44583354-1fa5-4125-847a-ead217bd8b55,aleksejfaust,owiek@gmx.de,rc76FGd)L%,fe907bcf0d34f9b0769dc53d7f0950612fffe1a3607840a6e40d589b9b578e25
748ecbde-98ca-49c0-b00f-e202fae2e025,claus-dieteroderwald,simona96@heinrich.de,T@4zlDfQaT,fe907bcf0d34f9b0769dc53d7f0950612fffe1a3607840a6e40d589b9b578e25
675f8bb8-1973-4b51-90cc-e788abd85288,britt68,harald34@spiess.net,)9!0J8$m@&,fe907bcf0d34f9b0769dc53d7f0950612fffe1a3607840a6e40d589b9b578e25
4923b2e7-81e7-4af1-9b07-8f7343040eaf,hahngerlinde,carstenannelie@carsten.de,24r3uStS#_,fe907bcf0d34f9b0769dc53d7f0950612fffe1a3607840a6e40d589b9b578e25
3e14b561-b869-4f4d-9b16-c17fdb3e3923,neuschaeferwillibald,hheintze@kallert.net,B98YtQUo+5,fe907bcf0d34f9b0769dc53d7f0950612fffe1a3607840a6e40d589b9b578e25
c95877a7-b197-4326-b62a-680ddc4dc33b,nadinehahn,halilditschlerin@doering.org,)+9G*3LkaU,fe907bcf0d34f9b0769dc53d7f0950612fffe1a3607840a6e40d589b9b578e25
379259ca-9556-45d8-87b8-587800207f44,maurizio32,aschweitzer@gmail.com,!Y%AYw&X44,fe907bcf0d34f9b0769dc53d7f0950612fffe1a3607840a6e40d589b9b578e25
a9224bf6-77b0-487e-b316-da135ff820ba,reinhardtfrancesca,alicia10@gmail.com,5A9BSIjpk+,fe907bcf0d34f9b0769dc53d7f0950612fffe1a3607840a6e40d589b9b578e25
bc19d661-b75d-4c5f-8f3e-ffafe2631d48,wellerrolf,schenkheinz-josef@hotmail.de,Pr_KHuQ8$8,fe907bcf0d34f9b0769dc53d7f0950612fffe1a3607840a6e40d589b9b578e25
f2aa9588-30f1-4bf1-ba44-3dba8990ec92,mauricerosenow,zdavids@wende.com,pU!+5P8eBX,fe907bcf0d34f9b0769dc53d7f0950612fffe1a3607840a6e40d589b9b578e25
be06ebc6-9de9-4ec1-b18c-47528cffcbac,xwernecke,rotraud66@mies.de,*_L7$JXbfy,fe907bcf0d34f9b0769dc53d7f0950612fffe1a3607840a6e40d589b9b578e25
9eb02698-ae9e-4023-93c0-dbe595db04d9,xmetz,kambssylvio@googlemail.com,J)1Gp5IZ%T,fe907bcf0d34f9b0769dc53d7f0950612fffe1a3607840a6e40d589b9b578e25
0eeb44e7-1748-43f6-9953-107077a38bfb,manjaschweitzer,irma48@poelitz.com,&94GSFfl82,fe907bcf0d34f9b0769dc53d7f0950612fffe1a3607840a6e40d589b9b578e25
9a920d94-64f1-40ab-b095-dd252bdbcb2a,xsoelzer,nadeshda86@gmx.de,XjE_s5KDC&,fe907bcf0d34f9b0769dc53d7f0950612fffe1a3607840a6e40d589b9b578e25
3bcf2b39-1e59-4e3e-9949-f0c37977d305,bonbachsigmund,sandorritter@gmail.com,m9wE5XRA@I,fe907bcf0d34f9b0769dc53d7f0950612fffe1a3607840a6e40d589b9b578e25
f1e37743-0e6e-41b6-b8a0-f8a4544b78a9,steysteven,alice29@jacobi.de,ES7^wS1o_p,fe907bcf0d34f9b0769dc53d7f0950612fffe1a3607840a6e40d589b9b578e25
4ca0fddc-708a-4f63-b41f-274291431f13,sibel98,salvatorestroh@heintze.de,^ToQnS11^0,fe907bcf0d34f9b0769dc53d7f0950612fffe1a3607840a6e40d589b9b578e25
bcefa0a0-e890-4c3e-b23a-af80d2ddfb4d,fridolin73,jtlustek@yahoo.de,cE&3X!TugQ,fe907bcf0d34f9b0769dc53d7f0950612fffe1a3607840a6e40d589b9b578e25
dedeb7b6-56c4-465b-abaf-8bc6de7918a5,michelle07,moechlichenmelanie@gmail.com,!t1UH39tU),fe907bcf0d34f9b0769dc53d7f0950612fffe1a3607840a6e40d589b9b578e25
b6232838-15dc-4674-a466-802b054ad9d1,carmelaradisch,nkoehler@rosenow.com,&4lL9Kxry&,fe907bcf0d34f9b0769dc53d7f0950612fffe1a3607840a6e40d589b9b578e25
f0eb2653-474f-4f63-aeb2-641da4dc7798,gustav58,isatschentscher@nerger.de,zxbW+Vsg#3,fe907bcf0d34f9b0769dc53d7f0950612fffe1a3607840a6e40d589b9b578e25
ea2866de-6635-4e57-b914-f87a36c956a4,juettnerfreya,siegward17@bohnbach.de,7$38NTb5W%,fe907bcf0d34f9b0769dc53d7f0950612fffe1a3607840a6e40d589b9b578e25
4cda238f-1851-4578-a321-470f4e802519,kordulabenthin,wbolzmann@web.de,06QGn0Ys*N,fe907bcf0d34f9b0769dc53d7f0950612fffe1a3607840a6e40d589b9b578e25
d43380e0-6ce2-4a2b-8b13-d9a43a26e27f,hwieloch,loechelrosa@koehler.org,GXHxY2th+4,fe907bcf0d34f9b0769dc53d7f0950612fffe1a3607840a6e40d589b9b578e25
23932062-7e5c-4e28-8f81-818a03f7a2dd,mentzelandrej,wenzel10@heuser.com,)mp4UgIY8$,fe907bcf0d34f9b0769dc53d7f0950612fffe1a3607840a6e40d589b9b578e25
4f8d03d4-bad9-4cad-aaf3-4ad535d88b74,ludwina25,ukoester@yahoo.de,9_u!u8tv4I,fe907bcf0d34f9b0769dc53d7f0950612fffe1a3607840a6e40d589b9b578e25
a51b5019-6c8f-4644-b6ed-b63cfe1faed6,aenne53,elizabethgutknecht@luebs.com,)Bx34Ock&2,fe907bcf0d34f9b0769dc53d7f0950612fffe1a3607840a6e40d589b9b578e25
510599ac-0a80-430f-8db5-7b7a7db30c95,wolf37,jan-peter62@segebahn.de,_o+8O*p#$k,fe907bcf0d34f9b0769dc53d7f0950612fffe1a3607840a6e40d589b9b578e25
86e6b87b-19d6-4b61-87ae-a4078c492e94,hermighausenlidia,margaretha21@gmail.com,10CHS^q&*(,fe907bcf0d34f9b0769dc53d7f0950612fffe1a3607840a6e40d589b9b578e25
fd5fa05e-537a-4116-a4ef-4b03ae90b439,voderwald,jcichorius@wilmsen.de,Md8Hu4KqW$,fe907bcf0d34f9b0769dc53d7f0950612fffe1a3607840a6e40d589b9b578e25
5d55301f-dfbc-44b5-883b-fc320ed4eb03,valentine54,anettehaase@gmx.de,*$FC8SZt9w,fe907bcf0d34f9b0769dc53d7f0950612fffe1a3607840a6e40d589b9b578e25
d4735fb7-74e8-4ed2-b8cd-3fb26756ff46,cilli99,hessegebhard@gmx.de,)6CLCP1G^s,fe907bcf0d34f9b0769dc53d7f0950612fffe1a3607840a6e40d589b9b578e25
d88085c0-0756-4d7a-9907-9860fdb5b3a6,cmohaupt,beata82@web.de,!oQXZAVCm0,fe907bcf0d34f9b0769dc53d7f0950612fffe1a3607840a6e40d589b9b578e25
a39678ec-c597-47bb-b8fc-0a7187b1e9cf,burckhard41,elzbieta60@budig.com,*gGxsrwH$6,fe907bcf0d34f9b0769dc53d7f0950612fffe1a3607840a6e40d589b9b578e25
fef20906-81d5-443c-81fa-05936c22cc7a,wilfriedfritsch,eniemeier@hotmail.de,S2FxB3q5(q,fe907bcf0d34f9b0769dc53d7f0950612fffe1a3607840a6e40d589b9b578e25
b0b8aaba-b11b-452e-bab1-768d31270b0d,ibauer,gzobel@herrmann.de,La99rRCu+h,fe907bcf0d34f9b0769dc53d7f0950612fffe1a3607840a6e40d589b9b578e25
a621682d-3c0e-4059-8b5b-87b6bd413e3b,whuhn,heinz-walteradler@waehner.de,#XVZNlsX71,fe907bcf0d34f9b0769dc53d7f0950612fffe1a3607840a6e40d589b9b578e25
aa5a1ae1-11f0-4286-aa10-ebecf74a27db,nscheuermann,albertine84@dietz.de,d1!Hs!^h&Z,fe907bcf0d34f9b0769dc53d7f0950612fffe1a3607840a6e40d589b9b578e25
e01ffefe-4cf8-4096-95e2-d8d35ad788c8,roggeanne-rose,kfischer@mude.com,!g_qZ$qKA1,fe907bcf0d34f9b0769dc53d7f0950612fffe1a3607840a6e40d589b9b578e25
1ead52fb-fe97-4120-b876-2a54483032f6,marcopaffrath,qpaertzelt@anders.net,RP_L6FyI9Z,fe907bcf0d34f9b0769dc53d7f0950612fffe1a3607840a6e40d589b9b578e25
ef1cc578-4eec-4253-98b6-38c99c3c9745,nhendriks,gudekarlfried@hande.org,(lbXKX1nZ7,fe907bcf0d34f9b0769dc53d7f0950612fffe1a3607840a6e40d589b9b578e25
8ee7e07b-6b43-4819-8a88-39064eb9f167,qroerricht,guntramtrommler@googlemail.com,#fW_nm(y#1,fe907bcf0d34f9b0769dc53d7f0950612fffe1a3607840a6e40d589b9b578e25
68d73a2c-b5b4-4abf-b3c0-c9fc145c491c,aleksandrhartung,martinpero@krause.net,W2S+nNnS%2,fe907bcf0d34f9b0769dc53d7f0950612fffe1a3607840a6e40d589b9b578e25
b6d90fe1-a498-474f-b681-396b1b888461,angela52,hornichmiguel@googlemail.com,4l1QDw34#I,fe907bcf0d34f9b0769dc53d7f0950612fffe1a3607840a6e40d589b9b578e25
7198f9d5-e991-4999-9f21-dc163b47e4c0,scaspar,fischermagret@weitzel.com,)7KbDJ6gme,fe907bcf0d34f9b0769dc53d7f0950612fffe1a3607840a6e40d589b9b578e25
f1eddbce-94b2-46d9-9b20-1ad3c4c0a099,vhaase,lutzschmidt@gmail.com,5f_$lGBo+Y,fe907bcf0d34f9b0769dc53d7f0950612fffe1a3607840a6e40d589b9b578e25
b5dde939-0926-4844-9d0a-c2e7d6fcff0c,smitschke,sigridotto@hentschel.com,b+xMGdB))6,fe907bcf0d34f9b0769dc53d7f0950612fffe1a3607840a6e40d589b9b578e25
79ded3cc-af7b-43d3-bb24-56bbac2718c1,hannah13,schmidtkefalk@yahoo.de,UV4m88Uc)s,fe907bcf0d34f9b0769dc53d7f0950612fffe1a3607840a6e40d589b9b578e25
0fbc5d5f-6dc1-41e2-93c6-2be77e899d01,dsoelzer,mirella38@stiffel.de,4PWDzbsE@y,fe907bcf0d34f9b0769dc53d7f0950612fffe1a3607840a6e40d589b9b578e25
45a2dd1b-7a16-47b9-b992-8772892c5e69,erdogan80,holtverena@bluemel.com,ikmueAsw&4,fe907bcf0d34f9b0769dc53d7f0950612fffe1a3607840a6e40d589b9b578e25
89e25c1c-5db6-4277-8c19-9487bef62fc7,larissa87,freddy18@hotmail.de,r#6N!fziW!,fe907bcf0d34f9b0769dc53d7f0950612fffe1a3607840a6e40d589b9b578e25
2304c823-9906-4a4f-a364-0f9cde3c468b,danutaschomber,notburga44@eimer.de,O*opbOM9Zd,fe907bcf0d34f9b0769dc53d7f0950612fffe1a3607840a6e40d589b9b578e25
23c75e95-a160-40fc-8a1c-bf4423f28cc5,hhethur,alwinarenner@aumann.com,$eY45O+Hy#,fe907bcf0d34f9b0769dc53d7f0950612fffe1a3607840a6e40d589b9b578e25
3fa84837-b241-4d89-9b70-db1a89aa2bf5,mariannegertz,wilfriedjaehn@hotmail.de,NB9*S!0vW_,fe907bcf0d34f9b0769dc53d7f0950612fffe1a3607840a6e40d589b9b578e25
4cbed04c-8431-4ec9-97c9-d5b1df60e29f,kordula70,mauriceroemer@zaenker.de,(7%#AscT9z,fe907bcf0d34f9b0769dc53d7f0950612fffe1a3607840a6e40d589b9b578e25
ed34fd0a-ab0a-4e2f-a0fd-8a70119d8af5,juettnerjacqueline,eileen82@weinhold.net,y26UofF7w),fe907bcf0d34f9b0769dc53d7f0950612fffe1a3607840a6e40d589b9b578e25
0087d9bf-f0e1-43dd-9150-85b741bea16d,gislindehornig,trosemann@web.de,153bIeAc*o,fe907bcf0d34f9b0769dc53d7f0950612fffe1a3607840a6e40d589b9b578e25
f33a02a6-1132-4e2d-a1d2-fafc86afc897,kraushaarilja,pechelleopoldine@beckmann.com,Z!hU23Am9N,fe907bcf0d34f9b0769dc53d7f0950612fffe1a3607840a6e40d589b9b578e25
83401d05-2cad-45c7-9544-19976429678e,hellmutnaser,ralf-peterjuncken@googlemail.com,@F$UyJnV$2,fe907bcf0d34f9b0769dc53d7f0950612fffe1a3607840a6e40d589b9b578e25
a9644dcd-2c8e-4ec7-b768-1decc2d38e80,babette25,schinkeanne-kathrin@gmail.com,$WmP_rdE66,fe907bcf0d34f9b0769dc53d7f0950612fffe1a3607840a6e40d589b9b578e25
78657773-6740-44ed-a2d0-827ff000c301,nurten25,lukasfranke@yahoo.de,6aX_MBP4^e,fe907bcf0d34f9b0769dc53d7f0950612fffe1a3607840a6e40d589b9b578e25
036f580e-bde0-40a4-9947-f4a553fc9c12,preissmona,arif13@henschel.de,)CBQ3xp065,fe907bcf0d34f9b0769dc53d7f0950612fffe1a3607840a6e40d589b9b578e25
f3867d02-43ec-4c3f-8649-ac215f72758c,fstahr,louis32@aol.de,c!iKS4ss%7,fe907bcf0d34f9b0769dc53d7f0950612fffe1a3607840a6e40d589b9b578e25
2da60395-5bbc-4470-9ca8-b2c1fda0c3aa,kranzcarmelo,lea34@finke.net,5S!5YKBhPl,fe907bcf0d34f9b0769dc53d7f0950612fffe1a3607840a6e40d589b9b578e25
f3aaabae-00ea-4c83-b1e6-66da6c644581,slavko77,apaffrath@yahoo.de,x*y3dXtg1N,fe907bcf0d34f9b0769dc53d7f0950612fffe1a3607840a6e40d589b9b578e25
f567560d-8e33-4e61-9ef7-8907169e3e0e,bolnbachevi,swetlana51@aol.de,V)2SVDqRBS,fe907bcf0d34f9b0769dc53d7f0950612fffe1a3607840a6e40d589b9b578e25
c856564d-f238-48bb-b7a1-16afe384f922,roemerdragan,eitelweitzel@googlemail.com,3&l6_tY5Yi,fe907bcf0d34f9b0769dc53d7f0950612fffe1a3607840a6e40d589b9b578e25
dada47be-f7f8-4905-94c3-1005b72fbd36,max59,alexandre75@loos.de,&0CBsn0e0W,fe907bcf0d34f9b0769dc53d7f0950612fffe1a3607840a6e40d589b9b578e25
b706c18f-acce-44a5-b77c-ff5d5cb3c5d3,nohlmansreinhardt,annekestumpf@aol.de,7BWpLJ2M^M,fe907bcf0d34f9b0769dc53d7f0950612fffe1a3607840a6e40d589b9b578e25
09212460-6bc8-43ad-8ca5-412b875f7423,dippelgisa,johan54@gmx.de,vBdOO+vs!8,fe907bcf0d34f9b0769dc53d7f0950612fffe1a3607840a6e40d589b9b578e25
65e96cb7-036c-4608-84a4-1a704ccfbf1b,annette66,mielcarekwolfhard@preiss.net,4)S4ZkelNQ,fe907bcf0d34f9b0769dc53d7f0950612fffe1a3607840a6e40d589b9b578e25
6c3febed-974c-4013-9b4e-791e0afda990,ulehmann,kobeltludwig@hotmail.de,_0aG^oXBAa,fe907bcf0d34f9b0769dc53d7f0950612fffe1a3607840a6e40d589b9b578e25
cd3ba1e7-0791-4c58-9589-96d9384a39f1,emineseip,hans-hinrich61@dietz.de,24C!EdJk%Z,fe907bcf0d34f9b0769dc53d7f0950612fffe1a3607840a6e40d589b9b578e25
aecf56fd-695c-479f-93a1-f203dacbdf10,claudiatrommler,gottfriedsoeding@web.de,K!9oIvthh*,fe907bcf0d34f9b0769dc53d7f0950612fffe1a3607840a6e40d589b9b578e25
7f7567db-9e2e-455d-b2ae-eff1fecd32e9,gisbert25,ursulagotthard@stiebitz.org,(vs8Ef&Z0U,fe907bcf0d34f9b0769dc53d7f0950612fffe1a3607840a6e40d589b9b578e25
67de7d86-eefc-4a6b-88a6-67e79d761110,tassilo64,wklapp@gmail.com,%4sNdyeO$_,fe907bcf0d34f9b0769dc53d7f0950612fffe1a3607840a6e40d589b9b578e25
94466e36-ef68-4590-859c-7f4174aba824,geraldinemangold,gweitzel@gmail.com,&R3Pv@px$@,fe907bcf0d34f9b0769dc53d7f0950612fffe1a3607840a6e40d589b9b578e25
99c46a17-de5c-447e-8c1a-f03fe9bf4d7c,donalddussen-van,pechelfolker@flantz.net,r5W(j2Nc$+,fe907bcf0d34f9b0769dc53d7f0950612fffe1a3607840a6e40d589b9b578e25
ffbc4c78-be23-4ff3-8bc7-1d2f26ace50c,igor53,qkaul@gutknecht.org,k$3DKaObRo,fe907bcf0d34f9b0769dc53d7f0950612fffe1a3607840a6e40d589b9b578e25
29ca31a6-ee81-4d54-b9e7-4dd53b8f234f,kschaefer,annegret67@web.de,m5YzMuO6$s,fe907bcf0d34f9b0769dc53d7f0950612fffe1a3607840a6e40d589b9b578e25
e4e101e0-6604-4411-b766-af0dd2aa538d,thekla27,trudelstadelmann@hotmail.de,+!38+PfiU+,fe907bcf0d34f9b0769dc53d7f0950612fffe1a3607840a6e40d589b9b578e25
c990ea9a-7ae0-4b77-b1b9-23face462bf6,schleichjohanna,djungfer@putz.com,_UQlAz+z8O,fe907bcf0d34f9b0769dc53d7f0950612fffe1a3607840a6e40d589b9b578e25
7ac5ce0c-a777-4fe7-b4e6-86dd988356b0,wielochralf-peter,karl-heinz54@muehle.de,3_Q+I%rq!s,fe907bcf0d34f9b0769dc53d7f0950612fffe1a3607840a6e40d589b9b578e25
b52146f6-effe-4080-ae90-35304d64fb45,mareileoestrovsky,theresiapergande@mitschke.com,a&&Y9RV%!l,fe907bcf0d34f9b0769dc53d7f0950612fffe1a3607840a6e40d589b9b578e25
c2ce429c-458a-4b1c-a387-b17e85e76b74,dehmelkristian,toniwalter@raedel.net,q!P50r$ycT,fe907bcf0d34f9b0769dc53d7f0950612fffe1a3607840a6e40d589b9b578e25
7b5348cc-c67f-427f-9140-1ea13eaeed86,adrianahentschel,ybiggen@aol.de,bAI5n1Tr!2,fe907bcf0d34f9b0769dc53d7f0950612fffe1a3607840a6e40d589b9b578e25
2562241c-498c-4db4-8287-c5b08cad0d94,magritschaaf,lothar90@paffrath.org,q9YP&EQf%6,fe907bcf0d34f9b0769dc53d7f0950612fffe1a3607840a6e40d589b9b578e25
831dabb4-3380-439c-8286-6f6946c529b7,pavel43,binnerselma@ditschlerin.de,(tJOTS%F83,fe907bcf0d34f9b0769dc53d7f0950612fffe1a3607840a6e40d589b9b578e25
986ea96d-a87e-49b1-9acb-3f231c5b0043,vjunk,noackwenzel@gmx.de,&4Ywr(0AZp,fe907bcf0d34f9b0769dc53d7f0950612fffe1a3607840a6e40d589b9b578e25
d8c4a48b-06d2-428c-9e2a-1c4decc357c5,ackermanningeborg,barkholzruediger@schottin.com,n$U68Nmjyt,fe907bcf0d34f9b0769dc53d7f0950612fffe1a3607840a6e40d589b9b578e25
def0ec74-2ff5-4c5c-b377-800d7293ae7c,marleenradisch,karolinstumpf@hiller.de,jF(9oRh^J#,fe907bcf0d34f9b0769dc53d7f0950612fffe1a3607840a6e40d589b9b578e25
38bb88fa-f79e-4745-bde1-ec49f1eb7b8a,gerwin32,rholt@gmail.com,75T_KEd^(r,fe907bcf0d34f9b0769dc53d7f0950612fffe1a3607840a6e40d589b9b578e25
77cd3cd5-218f-4ef6-89ef-0c7bfeb7ed31,rustannerose,rocco07@gmx.de,^pQZ4JTq8l,fe907bcf0d34f9b0769dc53d7f0950612fffe1a3607840a6e40d589b9b578e25
9fc162d1-62f1-4430-802f-537886e40e09,ggorlitz,christinagehringer@gmx.de,0kpxK^nV_U,fe907bcf0d34f9b0769dc53d7f0950612fffe1a3607840a6e40d589b9b578e25
